time,sym,bid,ask,bidSize,askSize
2026.02.03D12:30,AAPL,189.38,189.42,140,120
2026.02.03D12:30,MSFT,412.10,412.15,102,95
2026.02.03D12:30,NVDA,742.75,742.88,91,80
2026.02.03D12:30,GOOGL,152.59,152.63,130,110
2026.02.03D12:30,AMZN,177.98,178.04,160,140
2026.02.04D12:30,META,498.66,498.72,97,88
2026.02.04D12:30,TSLA,221.29,221.37,182,175
2026.02.04D12:30,NFLX,601.47,601.55,66,60
2026.02.04D12:30,AMD,164.19,164.23,230,200
2026.02.04D12:30,INTC,46.84,46.88,275,260
2026.02.05D12:30,ORCL,131.03,131.09,166,150
2026.02.05D12:30,IBM,194.70,194.76,125,118
2026.02.05D12:30,UBER,78.40,78.45,340,310
2026.02.05D12:30,CRM,287.24,287.31,111,105
2026.02.05D12:30,SHOP,92.09,92.14,205,190
